Title Number,Title Name
Title 1,How to Manage Time for Coding with Studies
Title 2,C++ Program to Find CSA & TSA of a Cube
Title 3,How to Switch Your Career to Data Science
Title 4,GeeksforGeeks Office Tour | Tips for Students by Sandeep Jain
Title 5,3 Things I Wish I Knew in My 20s
Title 6,Python program to Convert a Matrix to Sparse Matrix
Title 7,Printer Spooler Problem in Operating System
Title 8,C++ program to create Binary File from the existing Text File
Title 9,How to Build a Simple Alarm Setter Android Application
Title 10,C++ Program to Print the Largest possible Prime Number from a given number
Title 11,Context-Insensitive Interprocedural Analysis
Title 12,Handheld Operating System
Title 13,Check if Array with mean X can be made using N elements of given Array
Title 14,Rust – Closers and Type Anonymity
Title 15,Nicholl-Lee-Nicholl Line Clipping
Title 16,Run Length Encoding & Decoding in MATLAB
Title 17,pwdump7 in System Hacking
Title 18,MATE Configuration Examples in Wireshark
Title 19,Steps of Playing VoIP Calls in Wireshark
Title 20,Wireless Encryption Methods in Cisco
Title 21,Rust – Functions With Closure as Parameter
Title 22,Creating Function in Files in MATLAB
Title 23,Polymorphism in MATLAB
Title 24,Beam Penetration Technique in Computer Graphics
Title 25,SSC CGL Tier-2 Quantitative Aptitude 2020
Title 26,Complete Interview Preparation- Self Paced Course
Title 27,Data Structures & Algorithms- Self Paced Course
Title 28,"Practice Problems, POTD Streak, Weekly Contests & More!"
